{
    "name": "root",
    "gauges": {
        "Landing.Policy.Entropy.mean": {
            "value": 1.8140949010849,
            "min": 1.7683792114257812,
            "max": 1.8165730237960815,
            "count": 10
        },
        "Landing.Policy.Entropy.sum": {
            "value": 90516.078125,
            "min": 89583.2421875,
            "max": 92245.734375,
            "count": 10
        },
        "Landing.Step.mean": {
            "value": 499994.0,
            "min": 49950.0,
            "max": 499994.0,
            "count": 10
        },
        "Landing.Step.sum": {
            "value": 499994.0,
            "min": 49950.0,
            "max": 499994.0,
            "count": 10
        },
        "Landing.Policy.ExtrinsicValueEstimate.mean": {
            "value": -1530.5760498046875,
            "min": -1547.107177734375,
            "max": -733.2320556640625,
            "count": 10
        },
        "Landing.Policy.ExtrinsicValueEstimate.sum": {
            "value": -1529045.5,
            "min": -1552982.0,
            "max": -709035.375,
            "count": 10
        },
        "Landing.Policy.GailValueEstimate.mean": {
            "value": 7.199183464050293,
            "min": 6.554476737976074,
            "max": 22.682714462280273,
            "count": 10
        },
        "Landing.Policy.GailValueEstimate.sum": {
            "value": 7191.984375,
            "min": 6528.2587890625,
            "max": 22660.03125,
            "count": 10
        },
        "Landing.Losses.PolicyLoss.mean": {
            "value": 0.02298168720444664,
            "min": 0.02250752847408876,
            "max": 0.15296158771961926,
            "count": 10
        },
        "Landing.Losses.PolicyLoss.sum": {
            "value": 0.1149084360222332,
            "min": 0.09188110976635168,
            "max": 0.611846350878477,
            "count": 10
        },
        "Landing.Losses.ValueLoss.mean": {
            "value": 557.8478754933675,
            "min": 114.44766761779786,
            "max": 12681.89750181834,
            "count": 10
        },
        "Landing.Losses.ValueLoss.sum": {
            "value": 2789.2393774668376,
            "min": 548.3017211914062,
            "max": 50727.59000727336,
            "count": 10
        },
        "Landing.Policy.LearningRate.mean": {
            "value": 1.6014454661879993e-05,
            "min": 1.6014454661879993e-05,
            "max": 0.00028453785515404997,
            "count": 10
        },
        "Landing.Policy.LearningRate.sum": {
            "value": 8.007227330939996e-05,
            "min": 8.007227330939996e-05,
            "max": 0.0012839262720246,
            "count": 10
        },
        "Landing.Policy.Epsilon.mean": {
            "value": 0.10533812000000002,
            "min": 0.10533812000000002,
            "max": 0.19484595000000005,
            "count": 10
        },
        "Landing.Policy.Epsilon.sum": {
            "value": 0.5266906000000001,
            "min": 0.49952799999999997,
            "max": 0.9279754000000001,
            "count": 10
        },
        "Landing.Policy.Beta.mean": {
            "value": 0.00027637218799999994,
            "min": 0.00027637218799999994,
            "max": 0.004742812905000001,
            "count": 10
        },
        "Landing.Policy.Beta.sum": {
            "value": 0.0013818609399999997,
            "min": 0.0013818609399999997,
            "max": 0.02140597246,
            "count": 10
        },
        "Landing.Policy.GAILPolicyEstimate.mean": {
            "value": 0.3077143225073814,
            "min": 0.29170705745617553,
            "max": 0.32117248731354875,
            "count": 10
        },
        "Landing.Policy.GAILPolicyEstimate.sum": {
            "value": 1.538571612536907,
            "min": 1.191770541171233,
            "max": 1.6058624365677439,
            "count": 10
        },
        "Landing.Policy.GAILExpertEstimate.mean": {
            "value": 0.7731656177838644,
            "min": 0.6849453556040922,
            "max": 0.7758961725234985,
            "count": 10
        },
        "Landing.Policy.GAILExpertEstimate.sum": {
            "value": 3.8658280889193217,
            "min": 2.739781422416369,
            "max": 3.8794808626174926,
            "count": 10
        },
        "Landing.Losses.GAILLoss.mean": {
            "value": 0.6924153812726339,
            "min": 0.6463379879792531,
            "max": 2.035760407149792,
            "count": 10
        },
        "Landing.Losses.GAILLoss.sum": {
            "value": 3.4620769063631696,
            "min": 2.6413938065369926,
            "max": 8.143041628599168,
            "count": 10
        },
        "Landing.Policy.GAILGradMagLoss.mean": {
            "value": 0.2024148883918921,
            "min": 0.14914241934816044,
            "max": 2.7479204046850407,
            "count": 10
        },
        "Landing.Policy.GAILGradMagLoss.sum": {
            "value": 1.0120744419594605,
            "min": 0.6098825109501679,
            "max": 10.991681618740163,
            "count": 10
        },
        "Landing.Environment.EpisodeLength.mean": {
            "value": 117.5764705882353,
            "min": 115.39675174013921,
            "max": 133.85142857142858,
            "count": 10
        },
        "Landing.Environment.EpisodeLength.sum": {
            "value": 49970.0,
            "min": 46848.0,
            "max": 49970.0,
            "count": 10
        },
        "Landing.Environment.CumulativeReward.mean": {
            "value": -2377.135928459887,
            "min": -2407.0249499598294,
            "max": -2168.7146684919085,
            "count": 10
        },
        "Landing.Environment.CumulativeReward.sum": {
            "value": -1007905.6336669922,
            "min": -1032677.6549072266,
            "max": -759050.133972168,
            "count": 10
        },
        "Landing.Policy.ExtrinsicReward.mean": {
            "value": -2377.135928459887,
            "min": -2407.0249499598294,
            "max": -2168.7146684919085,
            "count": 10
        },
        "Landing.Policy.ExtrinsicReward.sum": {
            "value": -1007905.6336669922,
            "min": -1032677.6549072266,
            "max": -759050.133972168,
            "count": 10
        },
        "Landing.Policy.GailReward.mean": {
            "value": 22.906509667011154,
            "min": 20.083912001676136,
            "max": 58.54920490029667,
            "count": 10
        },
        "Landing.Policy.GailReward.sum": {
            "value": 9712.36009881273,
            "min": 8495.494776709005,
            "max": 20492.221715103835,
            "count": 10
        },
        "Landing.IsTraining.mean": {
            "value": 1.0,
            "min": 1.0,
            "max": 1.0,
            "count": 10
        },
        "Landing.IsTraining.sum": {
            "value": 1.0,
            "min": 1.0,
            "max": 1.0,
            "count": 10
        }
    },
    "metadata": {
        "timer_format_version": "0.1.0",
        "start_time_seconds": "1692140390",
        "python_version": "3.9.7 (tags/v3.9.7:1016ef3, Aug 30 2021, 20:19:38) [MSC v.1929 64 bit (AMD64)]",
        "command_line_arguments": "D:\\Student Projects\\harryxu123\\My project\\venv\\Scripts\\mlagents-learn configs/landing.yaml --run-id=RefinedLandScaled10 --initialize-from=RefinedLandScaled7",
        "mlagents_version": "0.30.0",
        "mlagents_envs_version": "0.30.0",
        "communication_protocol_version": "1.5.0",
        "pytorch_version": "2.0.1+cpu",
        "numpy_version": "1.21.2",
        "end_time_seconds": "1692140682"
    },
    "total": 292.23207920000004,
    "count": 1,
    "self": 0.005778000000020711,
    "children": {
        "run_training.setup": {
            "total": 0.08085930000000019,
            "count": 1,
            "self": 0.08085930000000019
        },