{"count":1,"self":43.550899199999996,"total":279.68049709999997,"children":{"InitializeActuators":{"count":81,"self":0.0015007999999999998,"total":0.0015007999999999998,"children":null},"InitializeSensors":{"count":81,"self":0.0025034,"total":0.0025034,"children":null},"AgentSendState":{"count":31017,"self":1.1354560999999999,"total":4.7988178999999995,"children":{"CollectObservations":{"count":502524,"self":0.7057293,"total":0.7057293,"children":null},"WriteActionMask":{"count":502524,"self":0.2019135,"total":0.2019135,"children":null},"RequestDecision":{"count":502524,"self":0.77064749999999993,"total":2.755719,"children":{"AgentInfo.ToProto":{"count":502524,"self":0.7270019,"total":1.9850714999999999,"children":{"GenerateSensorData":{"count":502524,"self":1.2580696,"total":1.2580696,"children":null}}}}}}},"DecideAction":{"count":31017,"self":226.1868288,"total":226.18682439999998,"children":null},"AgentAct":{"count":31017,"self":5.0852775999999995,"total":5.1394535,"children":{"AgentInfo.ToProto":{"count":4165,"self":0.0236818,"total":0.054175799999999996,"children":{"GenerateSensorData":{"count":4165,"self":0.030494,"total":0.030494,"children":null}}}}}},"gauges":{"Landing.CumulativeReward":{"count":4165,"max":-100,"min":-2881.532,"runningAverage":-2370.34473,"value":-2560.92285,"weightedAverage":-2451.937}},"metadata":{"timer_format_version":"0.1.0","start_time_seconds":"1692140403","unity_version":"2021.3.26f1","command_line_arguments":"C:\\Program Files\\Unity\\Hub\\Editor\\2021.3.26f1\\Editor\\Unity.exe -projectpath D:\\Student Projects\\harryxu123\\My project -useHub -hubIPC -cloudEnvironment production -licensingIpc LicenseClient-Andrew Park -hubSessionId 17c50a26-90a1-4706-bb88-f1fdf0be62c6 -accessToken 9vLIa2n-D9L-UQ7lQajcCUbpNa2bQh1BMAK6Ztjn-c8001f","communication_protocol_version":"1.5.0","com.unity.ml-agents_version":"2.0.1","scene_name":"Refined Simulation Scene Scaled Local","end_time_seconds":"1692140682"}}