{
    "name": "root",
    "gauges": {
        "MyBehavior.Policy.Entropy.mean": {
            "value": 1.7576254606246948,
            "min": 1.5602973699569702,
            "max": 2.03415584564209,
            "count": 10
        },
        "MyBehavior.Policy.Entropy.sum": {
            "value": 87777.5703125,
            "min": 78077.28125,
            "max": 101807.46875,
            "count": 10
        },
        "MyBehavior.Environment.EpisodeLength.mean": {
            "value": 49.62626262626262,
            "min": 8.193417907703623,
            "max": 49.62626262626262,
            "count": 10
        },
        "MyBehavior.Environment.EpisodeLength.sum": {
            "value": 49130.0,
            "min": 44564.0,
            "max": 49130.0,
            "count": 10
        },
        "MyBehavior.Step.mean": {
            "value": 499955.0,
            "min": 49992.0,
            "max": 499955.0,
            "count": 10
        },
        "MyBehavior.Step.sum": {
            "value": 499955.0,
            "min": 49992.0,
            "max": 499955.0,
            "count": 10
        },
        "MyBehavior.Policy.ExtrinsicValueEstimate.mean": {
            "value": 1.0912716388702393,
            "min": -1.5619957447052002,
            "max": 1.0912716388702393,
            "count": 10
        },
        "MyBehavior.Policy.ExtrinsicValueEstimate.sum": {
            "value": 1404.4666748046875,
            "min": -8494.1328125,
            "max": 1404.4666748046875,
            "count": 10
        },
        "MyBehavior.Environment.CumulativeReward.mean": {
            "value": 1.5682507583417593,
            "min": -1.0,
            "max": 1.5682507583417593,
            "count": 10
        },
        "MyBehavior.Environment.CumulativeReward.sum": {
            "value": 1551.0,
            "min": -5438.0,
            "max": 1551.0,
            "count": 10
        },
        "MyBehavior.Policy.ExtrinsicReward.mean": {
            "value": 1.5682507583417593,
            "min": -1.0,
            "max": 1.5682507583417593,
            "count": 10
        },
        "MyBehavior.Policy.ExtrinsicReward.sum": {
            "value": 1551.0,
            "min": -5438.0,
            "max": 1551.0,
            "count": 10
        },
        "MyBehavior.Losses.PolicyLoss.mean": {
            "value": 0.022025610166213787,
            "min": 0.022025610166213787,
            "max": 0.02636988122210217,
            "count": 10
        },
        "MyBehavior.Losses.PolicyLoss.sum": {
            "value": 0.11012805083106893,
            "min": 0.09174193544313311,
            "max": 0.13184940611051085,
            "count": 10
        },
        "MyBehavior.Losses.ValueLoss.mean": {
            "value": 0.8153753658135733,
            "min": 0.013101312083890662,
            "max": 0.8481060470143954,
            "count": 10
        },
        "MyBehavior.Losses.ValueLoss.sum": {
            "value": 4.076876829067866,
            "min": 0.06550656041945331,
            "max": 4.1844444890817005,
            "count": 10
        },
        "MyBehavior.Policy.LearningRate.mean": {
            "value": 1.681701439436e-05,
            "min": 1.681701439436e-05,
            "max": 0.0002846266551244499,
            "count": 10
        },
        "MyBehavior.Policy.LearningRate.sum": {
            "value": 8.40850719718e-05,
            "min": 8.40850719718e-05,
            "max": 0.0012848058717313997,
            "count": 10
        },
        "MyBehavior.Policy.Epsilon.mean": {
            "value": 0.10560564000000001,
            "min": 0.10560564000000001,
            "max": 0.19487555,
            "count": 10
        },
        "MyBehavior.Policy.Epsilon.sum": {
            "value": 0.5280282000000001,
            "min": 0.5004526,
            "max": 0.9282686000000001,
            "count": 10
        },
        "MyBehavior.Policy.Beta.mean": {
            "value": 0.0002897214360000001,
            "min": 0.0002897214360000001,
            "max": 0.004744289945,
            "count": 10
        },
        "MyBehavior.Policy.Beta.sum": {
            "value": 0.0014486071800000006,
            "min": 0.0014486071800000006,
            "max": 0.02142060314,
            "count": 10
        },
        "MyBehavior.IsTraining.mean": {
            "value": 1.0,
            "min": 1.0,
            "max": 1.0,
            "count": 10
        },
        "MyBehavior.IsTraining.sum": {
            "value": 1.0,
            "min": 1.0,
            "max": 1.0,
            "count": 10
        }
    },
    "metadata": {
        "timer_format_version": "0.1.0",
        "start_time_seconds": "1688253496",
        "python_version": "3.10.8 (v3.10.8:aaaf517424, Oct 11 2022, 10:14:40) [Clang 13.0.0 (clang-1300.0.29.30)]",
        "command_line_arguments": "/Users/harryxu/Documents/GitHub/harryxu123/My project/venv/bin/mlagents-learn --run-id=landing2 --initialize-from=landing1",
        "mlagents_version": "0.30.0",
        "mlagents_envs_version": "0.30.0",
        "communication_protocol_version": "1.5.0",
        "pytorch_version": "1.11.0",
        "numpy_version": "1.21.2",
        "end_time_seconds": "1688254069"
    },
    "total": 572.4817726250039,
    "count": 1,
    "self": 0.011793750003562309,
    "children": {
        "run_training.setup": {
            "total": 0.013252374999865424,
            "count": 1,
            "self": 0.013252374999865424
        },
        "TrainerController.start_learning": {
            "total": 572.4567265000005,
            "count": 1,
            "self": 0.874794154195115,
            "children": {
                "TrainerController._reset_env": {
                    "total": 11.73102837499755,
                    "count": 1,
                    "self": 11.73102837499755
                },
                "TrainerController.advance": {
                    "total": 559.7256885957977,
                    "count": 70798,
                    "self": 0.7871963186262292,
                    "children": {
                        "env_step": {
                            "total": 471.2526942425393,
                            "count": 70798,
                            "self": 432.68062496728817,
                            "children": {
                                "SubprocessEnvManager._take_step": {
                                    "total": 37.99751390328311,
                                    "count": 70798,
                                    "self": 1.5807316987411468,
                                    "children": {
                                        "TorchPolicy.evaluate": {
                                            "total": 36.41678220454196,
                                            "count": 55577,
                                            "self": 36.41678220454196
                                        }
                                    }
                                },
                                "workers": {
                                    "total": 0.5745553719680174,
                                    "count": 70798,
                                    "self": 0.0,
                                    "children": {
                                        "worker_root": {
                                            "total": 559.0990241712789,
                                            "count": 70798,
                                            "is_parallel": true,
                                            "self": 170.86606024489447,
                                            "children": {
                                                "steps_from_proto": {
                                                    "total": 0.0019169579973095097,
                                                    "count": 1,
                                                    "is_parallel": true,
                                                    "self": 0.0007394579952233471,