{
    "name": "root",
    "gauges": {
        "Landing.Policy.Entropy.mean": {
            "value": 1.3860902786254883,
            "min": 1.3860902786254883,
            "max": 1.421394944190979,
            "count": 10
        },
        "Landing.Policy.Entropy.sum": {
            "value": 69384.90625,
            "min": 69199.1875,
            "max": 74215.03125,
            "count": 10
        },
        "Landing.Environment.EpisodeLength.mean": {
            "value": 40.27745664739884,
            "min": 0.483364962637884,
            "max": 45.40515653775322,
            "count": 10
        },
        "Landing.Environment.EpisodeLength.sum": {
            "value": 48776.0,
            "min": 16301.0,
            "max": 49310.0,
            "count": 10
        },
        "Landing.Step.mean": {
            "value": 499972.0,
            "min": 49999.0,
            "max": 499972.0,
            "count": 10
        },
        "Landing.Step.sum": {
            "value": 499972.0,
            "min": 49999.0,
            "max": 499972.0,
            "count": 10
        },
        "Landing.Policy.ExtrinsicValueEstimate.mean": {
            "value": 140.14076232910156,
            "min": -95.42989349365234,
            "max": 141.02430725097656,
            "count": 10
        },
        "Landing.Policy.ExtrinsicValueEstimate.sum": {
            "value": 169710.46875,
            "min": -2314139.75,
            "max": 169710.46875,
            "count": 10
        },
        "Landing.Environment.CumulativeReward.mean": {
            "value": 153.98095270939646,
            "min": -100.0,
            "max": 153.98095270939646,
            "count": 10
        },
        "Landing.Environment.CumulativeReward.sum": {
            "value": 186470.9337310791,
            "min": -3371600.0,
            "max": 186470.9337310791,
            "count": 10
        },
        "Landing.Policy.ExtrinsicReward.mean": {
            "value": 153.98095270939646,
            "min": -100.0,
            "max": 153.98095270939646,
            "count": 10
        },
        "Landing.Policy.ExtrinsicReward.sum": {
            "value": 186470.9337310791,
            "min": -3371600.0,
            "max": 186470.9337310791,
            "count": 10
        },
        "Landing.Losses.PolicyLoss.mean": {
            "value": 0.025519733654800803,
            "min": 0.02095296735409647,
            "max": 0.026680054357469393,
            "count": 10
        },
        "Landing.Losses.PolicyLoss.sum": {
            "value": 0.127598668274004,
            "min": 0.08417720474923651,
            "max": 0.13215907889728745,
            "count": 10
        },
        "Landing.Losses.ValueLoss.mean": {
            "value": 1111.7289672851562,
            "min": 458.8383712228139,
            "max": 2938.8611197916666,
            "count": 10
        },
        "Landing.Losses.ValueLoss.sum": {
            "value": 5558.644836425781,
            "min": 2294.1918561140697,
            "max": 14694.305598958334,
            "count": 10
        },
        "Landing.Policy.LearningRate.mean": {
            "value": 1.657041447656e-05,
            "min": 1.657041447656e-05,
            "max": 0.00028462545512485,
            "count": 10
        },
        "Landing.Policy.LearningRate.sum": {
            "value": 8.28520723828e-05,
            "min": 8.28520723828e-05,
            "max": 0.0012847764717412,
            "count": 10
        },
        "Landing.Policy.Epsilon.mean": {
            "value": 0.10552344,
            "min": 0.10552344,
            "max": 0.19487515000000008,
            "count": 10
        },
        "Landing.Policy.Epsilon.sum": {
            "value": 0.5276172,
            "min": 0.5001677999999999,
            "max": 0.9282588,
            "count": 10
        },
        "Landing.Policy.Beta.mean": {
            "value": 0.000285619656,
            "min": 0.000285619656,
            "max": 0.004744269985000001,
            "count": 10
        },
        "Landing.Policy.Beta.sum": {
            "value": 0.00142809828,
            "min": 0.00142809828,
            "max": 0.02142011412,
            "count": 10
        },
        "Landing.IsTraining.mean": {
            "value": 1.0,
            "min": 1.0,
            "max": 1.0,
            "count": 10
        },
        "Landing.IsTraining.sum": {
            "value": 1.0,
            "min": 1.0,
            "max": 1.0,
            "count": 10
        }
    },
    "metadata": {
        "timer_format_version": "0.1.0",
        "start_time_seconds": "1691443471",
        "python_version": "3.9.7 (tags/v3.9.7:1016ef3, Aug 30 2021, 20:19:38) [MSC v.1929 64 bit (AMD64)]",
        "command_line_arguments": "D:\\Student Projects\\harryxu123\\My project\\venv\\Scripts\\mlagents-learn --run-id=RefinedLand2 --initialize-from=RefinedLand1 --force",
        "mlagents_version": "0.30.0",
        "mlagents_envs_version": "0.30.0",
        "communication_protocol_version": "1.5.0",
        "pytorch_version": "2.0.1+cpu",
        "numpy_version": "1.21.2",
        "end_time_seconds": "1691443705"
    },
    "total": 234.32403929999998,
    "count": 1,
    "self": 0.005905999999981759,
    "children": {
        "run_training.setup": {
            "total": 0.021586799999999906,
            "count": 1,
            "self": 0.021586799999999906
        },
        "TrainerController.start_learning": {
            "total": 234.2965465,
            "count": 1,
            "self": 0.30175779999927954,
            "children": {
                "TrainerController._reset_env": {
                    "total": 4.1239199,
                    "count": 1,
                    "self": 4.1239199
                },
                "TrainerController.advance": {
                    "total": 229.8307521000007,
                    "count": 16684,
                    "self": 0.2511692000012715,
                    "children": {
                        "env_step": {
                            "total": 107.91906179999941,
                            "count": 16684,
                            "self": 102.56135620000121,
                            "children": {
                                "SubprocessEnvManager._take_step": {
                                    "total": 5.1872750999995825,
                                    "count": 16684,
                                    "self": 0.522263999998656,
                                    "children": {
                                        "TorchPolicy.evaluate": {
                                            "total": 4.6650111000009264,
                                            "count": 6196,
                                            "self": 4.6650111000009264
                                        }
                                    }
                                },
                                "workers": {
                                    "total": 0.17043049999861548,
                                    "count": 16684,
                                    "self": 0.0,
                                    "children": {
                                        "worker_root": {
                                            "total": 229.70388110000005,
                                            "count": 16684,
                                            "is_parallel": true,
                                            "self": 150.12878229999868,
                                            "children": {
                                                "steps_from_proto": {
                                                    "total": 0.0006909000000003829,
                                                    "count": 1,
                                                    "is_parallel": true,
                                                    "self": 0.00019090000000065999,