{
    "name": "root",
    "gauges": {
        "MyBehavior.Policy.Entropy.mean": {
            "value": 1.965912103652954,
            "min": 1.965912103652954,
            "max": 1.965912103652954,
            "count": 1
        },
        "MyBehavior.Policy.Entropy.sum": {
            "value": 98374.2421875,
            "min": 98374.2421875,
            "max": 98374.2421875,
            "count": 1
        },
        "MyBehavior.Environment.EpisodeLength.mean": {
            "value": 7.082754161952481,
            "min": 7.082754161952481,
            "max": 7.082754161952481,
            "count": 1
        },
        "MyBehavior.Environment.EpisodeLength.sum": {
            "value": 43821.0,
            "min": 43821.0,
            "max": 43821.0,
            "count": 1
        },
        "MyBehavior.Step.mean": {
            "value": 49999.0,
            "min": 49999.0,
            "max": 49999.0,
            "count": 1
        },
        "MyBehavior.Step.sum": {
            "value": 49999.0,
            "min": 49999.0,
            "max": 49999.0,
            "count": 1
        },
        "MyBehavior.Policy.ExtrinsicValueEstimate.mean": {
            "value": -8.006084442138672,
            "min": -8.006084442138672,
            "max": -8.006084442138672,
            "count": 1
        },
        "MyBehavior.Policy.ExtrinsicValueEstimate.sum": {
            "value": -49525.63671875,
            "min": -49525.63671875,
            "max": -49525.63671875,
            "count": 1
        },
        "MyBehavior.Environment.CumulativeReward.mean": {
            "value": -1.5822825735531847,
            "min": -1.5822825735531847,
            "max": -1.5822825735531847,
            "count": 1
        },
        "MyBehavior.Environment.CumulativeReward.sum": {
            "value": -9788.0,
            "min": -9788.0,
            "max": -9788.0,
            "count": 1
        },
        "MyBehavior.Policy.ExtrinsicReward.mean": {
            "value": -1.5822825735531847,
            "min": -1.5822825735531847,
            "max": -1.5822825735531847,
            "count": 1
        },
        "MyBehavior.Policy.ExtrinsicReward.sum": {
            "value": -9788.0,
            "min": -9788.0,
            "max": -9788.0,
            "count": 1
        },
        "MyBehavior.Losses.PolicyLoss.mean": {
            "value": 0.023815358647940838,
            "min": 0.023815358647940838,
            "max": 0.023815358647940838,
            "count": 1
        },
        "MyBehavior.Losses.PolicyLoss.sum": {
            "value": 0.09526143459176335,
            "min": 0.09526143459176335,
            "max": 0.09526143459176335,
            "count": 1
        },
        "MyBehavior.Losses.ValueLoss.mean": {
            "value": 16.297497254113356,
            "min": 16.297497254113356,
            "max": 16.297497254113356,
            "count": 1
        },
        "MyBehavior.Losses.ValueLoss.sum": {
            "value": 65.18998901645342,
            "min": 65.18998901645342,
            "max": 65.18998901645342,
            "count": 1
        },
        "MyBehavior.Policy.LearningRate.mean": {
            "value": 0.00028463115512294995,
            "min": 0.00028463115512294995,
            "max": 0.00028463115512294995,
            "count": 1
        },
        "MyBehavior.Policy.LearningRate.sum": {
            "value": 0.0011385246204917998,
            "min": 0.0011385246204917998,
            "max": 0.0011385246204917998,
            "count": 1
        },
        "MyBehavior.Policy.Epsilon.mean": {
            "value": 0.19487705000000002,
            "min": 0.19487705000000002,
            "max": 0.19487705000000002,
            "count": 1
        },
        "MyBehavior.Policy.Epsilon.sum": {
            "value": 0.7795082000000001,
            "min": 0.7795082000000001,
            "max": 0.7795082000000001,
            "count": 1
        },
        "MyBehavior.Policy.Beta.mean": {
            "value": 0.004744364795,
            "min": 0.004744364795,
            "max": 0.004744364795,
            "count": 1
        },
        "MyBehavior.Policy.Beta.sum": {
            "value": 0.01897745918,
            "min": 0.01897745918,
            "max": 0.01897745918,
            "count": 1
        },
        "MyBehavior.IsTraining.mean": {
            "value": 1.0,
            "min": 1.0,
            "max": 1.0,
            "count": 1
        },
        "MyBehavior.IsTraining.sum": {
            "value": 1.0,
            "min": 1.0,
            "max": 1.0,
            "count": 1
        }
    },
    "metadata": {
        "timer_format_version": "0.1.0",
        "start_time_seconds": "1688088215",
        "python_version": "3.10.8 (v3.10.8:aaaf517424, Oct 11 2022, 10:14:40) [Clang 13.0.0 (clang-1300.0.29.30)]",
        "command_line_arguments": "/Users/harryxu/Documents/GitHub/harryxu123/My project/venv/bin/mlagents-learn --run-id=landing1 --force",
        "mlagents_version": "0.30.0",
        "mlagents_envs_version": "0.30.0",
        "communication_protocol_version": "1.5.0",
        "pytorch_version": "1.11.0",
        "numpy_version": "1.21.2",
        "end_time_seconds": "1688088537"
    },
    "total": 322.3829636249866,
    "count": 1,
    "self": 0.06931041699135676,
    "children": {
        "run_training.setup": {
            "total": 0.013420332994428463,
            "count": 1,
            "self": 0.013420332994428463
        },
        "TrainerController.start_learning": {
            "total": 322.3002328750008,
            "count": 1,
            "self": 0.39063340111169964,
            "children": {
                "TrainerController._reset_env": {
                    "total": 38.01449674999458,
                    "count": 1,
                    "self": 38.01449674999458
                },
                "TrainerController.advance": {
                    "total": 276.8263349738845,
                    "count": 16324,
                    "self": 0.2872206347674364,
                    "children": {
                        "env_step": {
                            "total": 246.58964280430519,
                            "count": 16324,
                            "self": 234.474093016368,
                            "children": {
                                "SubprocessEnvManager._take_step": {
                                    "total": 11.941831020070822,
                                    "count": 16324,
                                    "self": 0.43547474588558543,
                                    "children": {
                                        "TorchPolicy.evaluate": {
                                            "total": 11.506356274185237,
                                            "count": 9144,
                                            "self": 11.506356274185237
                                        }
                                    }
                                },
                                "workers": {
                                    "total": 0.17371876786637586,
                                    "count": 16323,
                                    "self": 0.0,
                                    "children": {
                                        "worker_root": {
                                            "total": 201.14743304056174,
                                            "count": 16323,
                                            "is_parallel": true,
                                            "self": 58.20651652154629,
                                            "children": {
                                                "steps_from_proto": {
                                                    "total": 0.03904750000219792,
                                                    "count": 1,
                                                    "is_parallel": true,
                                                    "self": 0.004587707997416146,